jobs,Links
,
,
,
,
,
,
"Senior UX Researcher, gTech Users and Products",jobs/results/83553281275503302-senior-ux-researcher-gtech-users-and-products
"Senior UX Researcher, gTech Users and Products",jobs/results/83553281275503302-senior-ux-researcher-gtech-users-and-products
,
,
"Senior UX Researcher, gTech Users and Products",jobs/results/83553281275503302-senior-ux-researcher-gtech-users-and-products
,
,
,
"Sales Specialist, YouTube (Fixed-Term Contract)",jobs/results/141974216709677766-sales-specialist-youtube-fixedterm-contract
,
,
,
Chip Package Signal and Power Integrity Engineer,jobs/results/140789854144209606-chip-package-signal-and-power-integrity-engineer
,
,
,
"Digital Business Marketing Apprenticeship, March 2025 Start (English)",jobs/results/111886831460459206-digital-business-marketing-apprenticeship-march-2025-start-english
,
,
"AI/ML Cloud Consultant, Professional Services, Google Cloud",jobs/results/94962186413056710-aiml-cloud-consultant-professional-services-google-cloud
,
,
,
YouTube Ads Viewer Experience Product Manager,jobs/results/93811846095479494-youtube-ads-viewer-experience-product-manager
,
,
,
"Account Strategist, Engage, Google Customer Solutions, Vietnam Market",jobs/results/131584015336383174-account-strategist-engage-google-customer-solutions-vietnam-market
,
,
,
"Software Engineer, Content Safety On Device, Hades Platform",jobs/results/103585706575569606-software-engineer-content-safety-on-device-hades-platform
,
,
,
Generative AI Evaluation Clinical Scientist,jobs/results/87135988375003846-generative-ai-evaluation-clinical-scientist
,
,
,
"Program Manager, Business Continuity and Resilience",jobs/results/139285576846058182-program-manager-business-continuity-and-resilience
,
,
,
"Senior Software Engineering Manager, Google Cloud Networking",jobs/results/84702293106008774-senior-software-engineering-manager-google-cloud-networking
,
,
,
"SoC Power and Performance Lead, TPU, Google Cloud",jobs/results/87335979399946950-soc-power-and-performance-lead-tpu-google-cloud
,
,
,
"Domain Assurance Compliance Specialist, Risk Compliance and Integrity",jobs/results/139956530093925062-domain-assurance-compliance-specialist-risk-compliance-and-integrity
,
,
,
"Senior CAD Engineer, Hardware, Google Cloud",jobs/results/139947338964574918-senior-cad-engineer-hardware-google-cloud
,
,
,
"Data Center Facilities Technician, Mechanical and Chillers",jobs/results/119930801352516294-data-center-facilities-technician-mechanical-and-chillers
,
,
,
Google Experience Operations Manager,jobs/results/139580882590540486-google-experience-operations-manager
,
,
,
"Structural FEA Engineer, Pixel Watch",jobs/results/84047159464207046-structural-fea-engineer-pixel-watch
,
,
,
"Camera Software Engineer, Project Starline",jobs/results/121700076086010566-camera-software-engineer-project-starline
,
,
,
"Google Security Manager, Data Centers",jobs/results/127964079326143174-google-security-manager-data-centers
,
,
,
"Product Manager, Meet Hardware, Google Cloud",jobs/results/77916005065466566-product-manager-meet-hardware-google-cloud
,
,
,
,
,
