,id,company_name,job_title,location,job_link,type
0,1,Paytm,Growth Strategy Manager,"Noida, Uttar Pradesh / Delhi-NCR / Mumbai, Maharashtra / Bangalore, Karnataka",https://jobs.lever.co/paytm/0f745d90-e4e6-4cf5-9ee9-4b7ad1456374,Other
1,2,Paytm,Senior Data Analyst-Paytm Money(Broking Preferred),"Mumbai, Maharashtra",https://jobs.lever.co/paytm/902aa48d-e056-4cbe-ad7e-d70e57ac662f,Tech
2,3,Paytm,Business Analyst - Team Lead (NOIDA),"Noida, Uttar Pradesh",https://jobs.lever.co/paytm/43e1a748-88e0-4068-a934-8e519a72982b,Other
3,4,Paytm,Business Analyst - Team Lead - Credit Card Business,"Noida, Uttar Pradesh",https://jobs.lever.co/paytm/ba7f0305-6011-451a-a2fd-f122708d8f72,Other
4,5,Paytm,Business Analyst - Team Lead (NOIDA),"Noida, Uttar Pradesh",https://jobs.lever.co/paytm/2564714d-03ed-4b70-b0fe-9109c1138b66,Other
5,6,Paytm,Team Lead Sales- Rishikesh,"Rishikesh, Uttrakhand",https://jobs.lever.co/paytm/b72c9fb0-1925-4cd5-8a08-577d4b92f26c,Marketing
6,7,Paytm,Data Scientist-Paytm Money,"Mumbai, Maharashtra",https://jobs.lever.co/paytm/aa9ccc4b-6307-4fc8-93db-88d1a26ff71d,Tech
7,8,Paytm,Java Backend Developer,"Noida, Uttar Pradesh / Bangalore, Karnataka / Mumbai, Maharashtra",https://jobs.lever.co/paytm/3802f986-af1a-4f20-92af-4b2ca73e5f9c,Tech
8,9,Paytm,Senior Software Engineer- Java Backend,"Noida, Uttar Pradesh / Bangalore, Karnataka / Mumbai, Maharashtra",https://jobs.lever.co/paytm/a1484f80-8ad5-45ea-aba1-1db0cde8e512,Tech
9,10,Paytm,Sales Team Lead - Dairy - Bangalore,"Bengaluru, Karnataka",https://jobs.lever.co/paytm/e8daaffa-38c3-4917-9fbb-d5922431f88c,Marketing
10,11,Paytm,Sales Team Lead - Dairy - Chennai,"Chennai, Tamil Nadu",https://jobs.lever.co/paytm/a1f86096-11de-4f5d-b437-2c35ef6413ad,Marketing
11,12,Paytm,Sales team Lead - Dairy - Chittoor,"Chittoor, Andhra Pradesh",https://jobs.lever.co/paytm/957b47d3-f4c1-4242-b06c-98585ea69e64,Marketing
12,13,Paytm,Sales Team Lead - Dairy - Dairy - Gorakhpur,"Gorakhpur, Uttar Pradesh",https://jobs.lever.co/paytm/f938f688-8469-444d-9cb6-19e32facfc09,Marketing
13,14,Paytm,Sales Team Lead - Dairy - Ernakulam,"Ernakulam, Kerala",https://jobs.lever.co/paytm/b62ce118-e34e-4a40-a8d6-545969911e6a,Marketing
14,15,Paytm,Sales Team Lead - Dairy - Goa,Goa,https://jobs.lever.co/paytm/2ae6cf6f-031b-44e1-82ad-b33dc1b56abb,Marketing
15,16,Paytm,Sales Team Lead - Dairy - Hasan,"Hassan, Karnataka",https://jobs.lever.co/paytm/1f604d35-4044-4457-878c-52731971f55c,Marketing
16,17,Paytm,Sales Team Lead - Dairy - Hubli,"Hubli, Karnataka",https://jobs.lever.co/paytm/73c10a07-9fa0-4e84-b1cb-e8a26ed39759,Marketing
17,18,Paytm,Sales Team Lead - Dairy - Hyderabad,"Hyderabad, Telangana",https://jobs.lever.co/paytm/382d0ec0-6e74-470f-a4ed-2b830df05a1b,Marketing
18,19,Paytm,Sales Team Lead - Dairy - Madurai,"Madurai, Tamil Nadu",https://jobs.lever.co/paytm/08c1bbde-d8d6-48a5-9f0f-6c1331fb635b,Marketing
19,20,Paytm,Sales Team Lead - Dairy - Malappuram,"Malappuram, Kerala",https://jobs.lever.co/paytm/b653a053-194b-4fc7-8d1e-d757109a5324,Marketing
20,21,Paytm,Sales Team Lead - Dairy - Mangalore,"Managlore, Karnataka",https://jobs.lever.co/paytm/fcb37438-b0cd-45e4-b313-01a3dd78cbca,Marketing
21,22,Paytm,Sales Team Lead - Dairy - Mysore,"Mysore, Karnataka",https://jobs.lever.co/paytm/2d6a76ce-48f1-4bb9-9fb4-b2810c81c8fa,Marketing
22,23,Paytm,Sales Team Lead - Dairy - Nashik,"Nashik, Maharashtra",https://jobs.lever.co/paytm/0deb7418-93db-4424-b545-d3692f9ebdde,Marketing
23,24,Paytm,Sales Team Lead - Dairy - Pondicherry,Pondicherry,https://jobs.lever.co/paytm/f48ac048-4719-45aa-a58a-7f3a69fadec4,Marketing
24,25,Paytm,Sales Team Lead - Dairy - Salem,"Salem, Tamil Nadu",https://jobs.lever.co/paytm/0eb65257-a24c-4895-b6d7-e3aadc49d4af,Marketing
25,26,Paytm,Sales Team Lead - Dairy - Trivandrum,"Trivandrum, Kerala",https://jobs.lever.co/paytm/c01b94ba-2bbc-414e-84ef-0e8a612fe0dc,Marketing
26,27,Paytm,Sales Team Lead - Dairy - Urban Bengaluru,"Bengaluru, Karnataka",https://jobs.lever.co/paytm/beba4bda-4a7e-4ca3-adc3-0b7d3c466f91,Marketing
27,28,Paytm,Sales Team Lead - Dairy - Visakhapatnam,"Visakhapatnam, Andhra Pradesh",https://jobs.lever.co/paytm/a395e069-2cc1-4cdc-9093-d8c558746132,Marketing
28,29,Paytm,Sales Team Lead - Dairy -Vellore,"Vellore, Tamil Nadu",https://jobs.lever.co/paytm/43e85b2f-47e1-4f9e-95c5-33896c5012bc,Marketing
29,30,Paytm,Sales Team Lead - Tirunelveli .,"Tirunelveli, Tamil Nadu",https://jobs.lever.co/paytm/6e7eb676-31c5-40cc-8e3d-2f0a7a5d08fe,Marketing
30,31,Paytm,Sales Team Lead -Dairy - Mumbai,"Mumbai, Maharashtra",https://jobs.lever.co/paytm/a01904b5-f820-4596-958a-3508b444f539,Marketing
31,32,Paytm,Team Lead - Dairy - Kozhikode,"Kozhikode, Kerala",https://jobs.lever.co/paytm/46adb091-f348-4339-a4ae-3a3e2ae647ed,Other
32,33,Paytm,Data Analyst - Deals & GV,"Noida, Uttar Pradesh / Bangalore, Karnataka",https://jobs.lever.co/paytm/dc0b8cf5-59ad-422c-b836-11ff058c7782,Tech
33,34,Paytm,Area Sales Manager - Executive Manager,"Vijayawada, Andhra Pradesh",https://jobs.lever.co/paytm/3137318d-f4e0-40f1-bc6f-5e120ae5f6fe,Marketing
34,35,Paytm,Area Sales Manager - Executive Manager,"Hyderabad, Telangana",https://jobs.lever.co/paytm/d092b014-eba1-430c-b901-8357eb331deb,Marketing
35,36,Paytm,Area Sales Manager - Nizamabad,"Nizamabad, Telangana / Warangal, Telangana / Adilabad , Telangana",https://jobs.lever.co/paytm/6d0fabf3-e3d2-4aec-aaae-dfb055781e5c,Marketing
36,37,Paytm,Area Sales Manager - Senior Manager,"Hubli, Karnataka",https://jobs.lever.co/paytm/f68af019-1dd0-4442-91a9-35d202db9488,Marketing
37,38,Paytm,Area Sales Manager- EDC Retail,"Bangalore, Karnataka",https://jobs.lever.co/paytm/6038b596-6d05-4838-9d06-6a8733c63f92,Marketing
38,39,Paytm,Area Sales Manager- EDC Retail,"Kochi, Kerala",https://jobs.lever.co/paytm/7da1556f-97dd-472a-a485-2635f85863a1,Marketing
39,40,Paytm,SM - Deputy Manager,"Chennai, Tamil Nadu",https://jobs.lever.co/paytm/082607fb-1d1b-4924-8ebb-1d42cdc71d2e,Other
40,41,Paytm,SM - Deputy Manager  EDC Retail,"Kozhikode, Kerala",https://jobs.lever.co/paytm/7419f113-eed0-487e-9c3d-1ec746fa6a26,Other
41,42,Paytm,Area Collection  - Executive Manager,"Mohali, Punjab",https://jobs.lever.co/paytm/e992a460-2963-47c6-a668-0fc27431e414,Other
42,43,Paytm,Area Collection Manager -(Hyderabad),"Hyderabad, Telangana",https://jobs.lever.co/paytm/13dee3be-6c2e-4186-b125-99954f1d21ad,Other
43,44,Paytm,Area Collection Manager- Manager,"Pune, Maharashtra",https://jobs.lever.co/paytm/51ba7e22-14fe-4e16-8647-2ee66bc31ca2,Other
44,45,Paytm,Collections  - Team Lead,"Gwalior, Madhya Pradesh",https://jobs.lever.co/paytm/ee524e80-f3ec-427a-82d9-5d985d366c8e,Other
45,46,Paytm,Collections - Junior Manager,"Hyderabad, Telangana",https://jobs.lever.co/paytm/fa185d7d-79ef-4284-9e24-3dcd0c925823,Other
46,47,Paytm,Collections - Junior Manager,"Vijayawada, Andhra Pradesh",https://jobs.lever.co/paytm/d988776c-0e45-43b4-ba43-51c1d6a7a35e,Other
47,48,Paytm,Collections - Junior Manager,"Nellore, Andhra Pradesh",https://jobs.lever.co/paytm/5b2837c0-a5cf-4814-a140-4c57e5b7536b,Other
48,49,Paytm,Collections - Junior Manager,"Karimnagar,Telangana",https://jobs.lever.co/paytm/926a03b9-7e91-44fc-b2a5-e7621e00394f,Other
49,50,Paytm,Collections - Junior Manager,"Bangalore, Karnataka",https://jobs.lever.co/paytm/26fb1e5b-f602-4edd-9f42-0cb33a5d3bdf,Other
50,51,Paytm,Collections - Junior Manager,"Hisar, Haryana",https://jobs.lever.co/paytm/72a0458c-ba36-4862-8a36-a1b7c120ceb5,Other
51,52,Paytm,Collections - Junior Manager - Mumbai,"Mumbai, Maharashtra",https://jobs.lever.co/paytm/9d6d039b-a537-40b0-8829-e6c4bf2524c4,Other
52,53,Paytm,Collections - Junior Manager (Ahmedabad),"Ahmedabad, Gujarat",https://jobs.lever.co/paytm/11296c4a-016d-4622-aefb-106ce30ffe68,Other
53,54,Paytm,Collections - Junior Manager (Bhatinda),"Bhatinda, Punjab",https://jobs.lever.co/paytm/501f690d-3b92-436d-a1b2-9f662a49ee11,Other
54,55,Paytm,Collections - Junior Manager (Udaipur),"Udaipur, Rajasthan",https://jobs.lever.co/paytm/f5ca65cd-a7fd-4351-82ac-d28b796aa8a9,Other
55,56,Paytm,Collections - Junior Manager(Jamshedpur),"Jamshedpur, Jharkhand",https://jobs.lever.co/paytm/7fbd0682-0709-4bc0-8eb5-3cd4b7fec779,Other
56,57,Paytm,Collections - Junior Manager(Kerala),"Ernakulam, Kerala",https://jobs.lever.co/paytm/6ec341ed-39ac-4cb9-af9f-47ace86729f2,Other
57,58,Paytm,Collections - Junior Manager(Pune),"Pune, Maharashtra",https://jobs.lever.co/paytm/8263fbaa-8513-4f96-8938-9a19d7939584,Other
58,59,Paytm,Collections - Team Lead,"Vadodara, Gujarat",https://jobs.lever.co/paytm/68be8b65-0f9e-479f-a971-3b602782f9a5,Other
59,60,Paytm,Collections - Team Lead,"Panipat, Haryana",https://jobs.lever.co/paytm/09b0f607-3714-4076-b48c-de850818c327,Other
60,61,Paytm,Collections (Jalandhar)- Junior Manager,"Chandigarh, Punjab",https://jobs.lever.co/paytm/acb2a7fd-7731-4229-85af-dc7c1c76415c,Other
61,62,Paytm,Collections (Vijayawada)- Junior Manager,"Vijayawada, Andhra Pradesh",https://jobs.lever.co/paytm/39c65809-9f4a-4fbe-9106-b9ed90185f0a,Other
62,63,Paytm,Collections Manager,Delhi-NCR,https://jobs.lever.co/paytm/15c44c43-b939-4a18-95d0-d4bba7a211c3,Other
63,64,Paytm,Collections Manager (Delhi),Delhi-NCR,https://jobs.lever.co/paytm/ee9b4c69-7b75-4fef-8e78-10725c566c22,Other
64,65,Paytm,Collections Manager (Hyderabad),"Hyderabad, Telangana",https://jobs.lever.co/paytm/bdc28460-edd6-4f7b-bfc6-05d8f9976fca,Other
65,66,Paytm,Collections Manager- Junior Manager(Chandigarh),"Chandigarh, Punjab",https://jobs.lever.co/paytm/a5968c2a-90c1-461a-a6ce-636f3d2a596e,Other
66,67,Paytm,Collections- Junior Manager -Mumbai,"Mumbai, Maharashtra",https://jobs.lever.co/paytm/9d995974-703b-4f37-ae83-790adcc77088,Other
67,68,Paytm,Collections- Junior Manager (Bengaluru),"Bengaluru, Karnataka",https://jobs.lever.co/paytm/6f74b61e-bc1f-4fd9-a35c-7cc71cbc0b28,Other
68,69,Paytm,Collections- Junior Manager (Mumbai),"Mumbai, Maharashtra",https://jobs.lever.co/paytm/ab76e5ad-7596-4830-aa63-c766d2ecc20f,Other
69,70,Paytm,Collections- Junior Manager(Salem),"Salem, Tamil Nadu",https://jobs.lever.co/paytm/f05ec1ea-4b9e-4c37-90cc-f37534757aef,Other
70,71,Paytm,Process Review - Internal Audit,"Noida, Uttar Pradesh",https://jobs.lever.co/paytm/2075d4b8-f2ee-4462-a9f0-c040b157cb06,Other
71,72,Paytm,Banking Operations Offline,"Jabalpur, Madhya Pradesh",https://jobs.lever.co/paytm/75b6d468-b131-4cc4-bf60-cc9dcef5f152,Other
72,73,Paytm,AGM/DGM- RM - Offline Merchants - QR,"Prayagraj, Uttar Pradesh",https://jobs.lever.co/paytm/dc476f09-e8e4-4413-a681-89a4b1b28b56,Other
73,74,Paytm,Area Sales Manager - Manager,"Vellore, Tamil Nadu",https://jobs.lever.co/paytm/6f5612ec-3bd8-40c9-aec3-89df91ebb05b,Marketing
74,75,Paytm,Areas Service Lead - Pan India,Pan India,https://jobs.lever.co/paytm/dd527ce9-33ec-4f29-8196-96ef7f6570ca,Other
75,76,Paytm,City Head - Senior Manager,"Mumbai, Maharashtra",https://jobs.lever.co/paytm/fd2dc301-c1b6-456a-8318-69473dd598e3,Other
76,77,Paytm,City Manager - Executive Manager,"Haridwar, Uttarakhand",https://jobs.lever.co/paytm/2222d52b-24cd-498d-9520-61a950eb1324,Other
77,78,Paytm,City Manager - Senior Manager,"Bangalore, Karnataka",https://jobs.lever.co/paytm/76ce4f30-61ac-4996-9bea-36e79929a1b7,Other
78,79,Paytm,Key Account Manager - QR - Delhi /NCR,Delhi-NCR,https://jobs.lever.co/paytm/a402fd88-4d4b-4d1c-979b-093b071a3eb3,Other
79,80,Paytm,Key Account Manager / Senior Key Account Manager  Chandigarh,"Chandigarh, Punjab",https://jobs.lever.co/paytm/54e01a26-4323-4780-971d-243e40b14b62,Other
80,81,Paytm,Key Account Manager / Senior Key Account Manager - Ahmedabad,"Ahmedabad, Gujarat",https://jobs.lever.co/paytm/aeaf2dd3-d9ca-4b72-8dcd-8a252006fc57,Other
81,82,Paytm,Key Account Manager / Senior Key Account Manager - Bangalore,"Bangalore, Karnataka",https://jobs.lever.co/paytm/225c76fa-a1c8-497c-bbbe-d23cb0b72afa,Other
82,83,Paytm,Key Account Manager / Senior Key Account Manager - Delhi,Delhi-NCR,https://jobs.lever.co/paytm/0d789e58-b645-48fc-933e-53380df58ea4,Other
83,84,Paytm,Key Account Manager / Senior Key Account Manager - Hyderabad,"Hyderabad, Telangana",https://jobs.lever.co/paytm/5000df7a-b9b4-40dd-825c-9c67afb64daa,Other
84,85,Paytm,Key Account Manager / Senior Key Account Manager - Jaipur,"Jaipur, Rajasthan",https://jobs.lever.co/paytm/0b0b513f-63fe-4e22-9d1c-39a47ddb25d7,Other
85,86,Paytm,Key Account Manager / Senior Key Account Manager - Kolkata,"Kolkata, West Bengal",https://jobs.lever.co/paytm/a810b3e5-d915-4e92-acf0-13e85daf22ff,Other
86,87,Paytm,Key Account Manager / Senior Key Account Manager - Mumbai,"Mumbai, Maharashtra",https://jobs.lever.co/paytm/d609103e-0090-47f6-9cca-8c13b6d80bc0,Other
87,88,Paytm,Key Account Manager / Senior Key Account Manager - Pune,"Pune, Maharashtra",https://jobs.lever.co/paytm/995d1cbd-2da8-4e25-a5db-959822f5bf56,Other
88,89,Paytm,Area Sales Manager- Deputy Manager,"Bellary, Karnataka",https://jobs.lever.co/paytm/199aa265-8a64-4a52-bf9e-52ce9ced3446,Marketing
89,90,Paytm,Key Account Manager - Senior Associate,"DAVANGERE, KARNATAKA",https://jobs.lever.co/paytm/1759e5ac-0226-47ab-9a98-eb80da599fb0,Other
90,91,Paytm,Key Account Manager - Senior Associate,"CHITRADURGA, KARNATAKA",https://jobs.lever.co/paytm/5f02f898-0487-46e7-adb5-477cfcfbf2cc,Other
91,92,Paytm,Sales Team Lead - Credit Card,"Mumbai, Maharashtra",https://jobs.lever.co/paytm/a5690e43-8a0e-44ab-a18e-6d67fe2ddfc3,Marketing
92,93,Paytm,Sales Team Lead - Credit Card - Jaipur,"Jaipur, Rajasthan",https://jobs.lever.co/paytm/476df9ce-792c-4588-a56e-4cdaca9e9cef,Marketing
93,94,Paytm,Sales Team Lead - Credit Cards,"Ahmedabad, Gujarat",https://jobs.lever.co/paytm/40a7845a-9211-421f-a332-11bcd433ebc8,Marketing
94,95,Paytm,Sales Team Lead - Nizamabad,"Nizamabad, Telangana",https://jobs.lever.co/paytm/3c998362-bc44-4866-b3e2-df5f5ea621f3,Marketing
95,96,Paytm,Sales Team Lead - O&G Adjacent - Hyderabad,"Hyderabad, Telangana",https://jobs.lever.co/paytm/69a6e6ff-bfe4-4e52-83c5-61496f4ad921,Marketing
96,97,Paytm,Sales Team Lead - Oil & Gas - Balasore,"Balasore, Odisha",https://jobs.lever.co/paytm/c55c67c5-f26e-48bc-9160-af1a1fd571ae,Marketing
97,98,Paytm,Sales Team Lead - Oil & Gas - West Tripura  ( Agartala),"Agartala, Tripura",https://jobs.lever.co/paytm/b384bf94-d734-422c-a5c7-d27303267b6c,Marketing
98,99,Paytm,Team Lead - O&G- Adjacent - Bathinda,"Bathinda, Punjab",https://jobs.lever.co/paytm/97e3d57a-f066-48f2-a74e-817c5255dffc,Other
99,100,Paytm,Team Lead - O&G- Adjacent - Chandigarh,"Chandigarh, Punjab",https://jobs.lever.co/paytm/dd491b25-d844-494a-bad8-1182872ea471,Other
100,101,Paytm,Team Lead - O&G- Adjacent - Jammu,"Jammu, Jammu & Kashmir",https://jobs.lever.co/paytm/7c1f75f7-0ca6-4d80-ba7c-f522f57fb2ed,Other
101,102,Paytm,Team Lead - O&G- Adjacent - Ludhiana,"Ludhiana, Punjab",https://jobs.lever.co/paytm/d52951f1-a265-4330-a390-885bfd8200ff,Other
102,103,Paytm,Agency Engagement - Mumbai/Delhi,"Mumbai, Maharashtra / Delhi-NCR",https://jobs.lever.co/paytm/4cc1a652-0dab-4ae3-b5bf-d92d6e382b1a,Other
103,104,Paytm,DGM- Ad Operations,"Bangalore, Karnataka / Noida, Uttar Pradesh",https://jobs.lever.co/paytm/20f637b6-afcb-4e9e-984e-e3a49a375a7f,Other
104,105,Paytm,Paytm Ads ops (Monetization),"Delhi-NCR / Mumbai, Maharashtra",https://jobs.lever.co/paytm/501bb52e-1631-4883-813e-02f09d40a787,Other
105,106,Paytm,Paytm Ads ops (Monetization),"Bangalore, Karnataka",https://jobs.lever.co/paytm/20abf6b1-4f0b-470f-8a5a-a19a8625217e,Other
106,107,Paytm,Business Intelligence Analyst -Junior Manager- First Games,"Noida, Uttar Pradesh",https://jobs.lever.co/paytm/23e6f4eb-cbbd-49c1-9847-4c25fe1992d0,Other
107,108,Paytm,Sales - Team Lead - Jalandhar,"Jalandhar, Punjab",https://jobs.lever.co/paytm/695bdc0c-3c5e-47cb-b2cd-fed177b25b2f,Marketing
108,109,Paytm,Sales - Team Lead - Meerut,"Meerut, Uttar Pradesh",https://jobs.lever.co/paytm/a7d3937c-9dff-4d63-b6d0-39436b3a7550,Marketing
109,110,Paytm,Sales - Team Lead - Pathankot,"Pathankot, Punjab",https://jobs.lever.co/paytm/988e3108-0256-48c3-a9a3-4f16637ea440,Marketing
110,111,Paytm,Sales Team Lead - Pathankot,"Pathankot, Punjab",https://jobs.lever.co/paytm/3282367b-3a39-4991-a362-db1286b2c2cb,Marketing
111,112,Paytm,Sales Team Lead - Railway - Mumbai,"Mumbai, Maharashtra",https://jobs.lever.co/paytm/4bb2b83c-21c9-4b6b-9cb1-a20d6e9e3532,Marketing
112,113,Paytm,Sales Team Lead - Railway Transit  - Ahmedabad,"Ahmedabad, Gujarat",https://jobs.lever.co/paytm/12720265-0c74-48dc-9ab9-712b36f4f21f,Marketing
113,114,Paytm,Business Development -Deputy General Manager - Travel(Flights),Delhi-NCR,https://jobs.lever.co/paytm/75973399-3658-4cf1-bdc8-6685bab555e3,Other
114,115,Paytm,CST Operations - Operation Executive,"Bangalore, Karnataka / Noida, Uttar Pradesh",https://jobs.lever.co/paytm/eb46531c-9c29-42c3-b9d2-4ee8d91c52da,Other
115,116,Paytm,CST Operations (Flights) - Executive,"Bangalore, Karnataka / Noida, Uttar Pradesh",https://jobs.lever.co/paytm/319c735f-cf33-4a00-86e6-f6167240cfc5,Other
116,117,Paytm,CST Operations (Flights) - Senior Associate,"Bengaluru, Karnataka / Noida, Uttar Pradesh",https://jobs.lever.co/paytm/2ed57d2f-a697-4f3b-bd16-ff0d05cb8569,Other
117,118,Paytm,Government Relations & Public Policy - Assistant General Manager,"Mumbai, Maharashtra",https://jobs.lever.co/paytm/7f3422b2-045a-4704-9df9-f65445dffb44,Other
118,119,Paytm,Company Secretariat - Senior Manager,"Noida, Uttar Pradesh",https://jobs.lever.co/paytm/3218b1eb-1162-4524-8f47-af20a73ec3ff,Other
119,120,Paytm,Accounting - Junior (CA Inter),"Noida, Uttar Pradesh",https://jobs.lever.co/paytm/05e9a75b-5927-4ec6-a241-8f4e1024dff1,Other
120,121,Paytm,Accounting - Junior Manager,"Noida, Uttar Pradesh",https://jobs.lever.co/paytm/20f9fe96-6571-4ae4-bc79-a59524ff8e30,Other
121,122,Paytm,Finance - Technical SQL - Assistant Manager,"Noida, Uttar Pradesh",https://jobs.lever.co/paytm/9228808e-cc41-4384-a83f-809bc6a0f19f,Tech
122,123,Paytm,Revenue Assurance & Reconciliations - Manager,"Noida, Uttar Pradesh",https://jobs.lever.co/paytm/0985a518-2951-4f44-943c-868b06624458,Other
123,124,Paytm,SAP BASIS ( SAP Support)  - Manager,"Noida, Uttar Pradesh",https://jobs.lever.co/paytm/5a3cef10-9663-4cb2-8e33-0d4ff7ce4878,Other
124,125,Paytm,SAP-  HANA (FICO) - Manager,"Noida, Uttar Pradesh",https://jobs.lever.co/paytm/d779975c-a7fb-4a32-b9d8-20e00617d05e,Other
125,126,Paytm,Accounts Payable - Assistant  Manager,"Noida, Uttar Pradesh",https://jobs.lever.co/paytm/fbfe7a18-66dc-4680-9ffc-6e753ca0461e,Other
126,127,Paytm,Business Finance - Assistant General Manager,"Noida, Uttar Pradesh",https://jobs.lever.co/paytm/c1fe487e-2a57-44d0-9142-d04859da4c35,Other
127,128,Paytm,Deputy Manager - Financial Operation & Reconciliations,"Noida, Uttar Pradesh",https://jobs.lever.co/paytm/964ac189-2d0c-4ee8-9112-d6e94799fa95,Other
128,129,Paytm,General Manager - Business Finance,"Noida, Uttar Pradesh",https://jobs.lever.co/paytm/4f7abc02-5f34-4402-a35a-004767122d40,Other
129,130,Paytm,Senior Analyst - Travel,"Bengaluru, Karnataka",https://jobs.lever.co/paytm/05c96a01-410b-4cec-af92-d2b917bae7e7,Other
130,131,Paytm,Finance Controller,"Noida, Uttar Pradesh",https://jobs.lever.co/paytm/9a7a0a10-8132-4f1f-a0e2-8240021d5f43,Other
131,132,Paytm,AVP- Internal Audit-Paytm Money,"Mumbai, Maharashtra",https://jobs.lever.co/paytm/df0aeaf0-812d-458b-8a43-e446f2bd8e15,Other
132,133,Paytm,Taxation - AM/Manager-Paytm Money-Mumbai Based Candidates,"Mumbai, Maharashtra",https://jobs.lever.co/paytm/25bb503f-1ccd-49c8-9fae-b523e107a487,Other
133,134,Paytm,Executive Manager - Treasury Operations/Banking Operations,"Noida, Uttar Pradesh",https://jobs.lever.co/paytm/5dc23fda-4e61-4a41-a086-050c08f41fca,Other
134,135,Paytm,Growth Management - Manager - Deals & GV,"Noida, Uttar Pradesh / Bangalore, Karnataka",https://jobs.lever.co/paytm/4a4b9d9c-aa9c-461f-b5d3-a33ac3ac7e76,Other
135,136,Paytm,Campaign Ops - Junior Manager - Credit Card Business,"Noida, Uttar Pradesh / Bangalore, Karnataka",https://jobs.lever.co/paytm/6e8ba97f-c454-4049-ab7b-3cba77ee1960,Other
136,137,Paytm,Growth Management - Manager - Credit Card Business,"Noida, Uttar Pradesh",https://jobs.lever.co/paytm/cff6970c-c128-4038-8619-0d451e3162f1,Other
137,138,Paytm,Campaign Ops - Senior Associate - Offline Merchants,"Noida, Uttar Pradesh / Bangalore, Karnataka",https://jobs.lever.co/paytm/cd675208-cbe6-479f-be1f-9e14286749dc,Other
138,139,Paytm,Growth Management - General Manager - Offline Payments,"Noida, Uttar Pradesh",https://jobs.lever.co/paytm/6096d10f-a4e9-48f2-8861-7dec7512f531,Other
139,140,Paytm,Growth Management - Manager - Offline Merchant,"Noida, Uttar Pradesh",https://jobs.lever.co/paytm/9307270a-daeb-4253-9f0b-39afebccd599,Other
140,141,Paytm,Growth Management - Assistant Manager/ Manager - First Games,"Noida, Uttar Pradesh / Bengaluru, Karnataka",https://jobs.lever.co/paytm/61106da4-e863-4e67-9291-041d08aa1ef4,Other
141,142,Paytm,Performance Marketing - Manager - First Games,"Noida, Uttar Pradesh",https://jobs.lever.co/paytm/1590a92c-eb79-40ae-b76a-e8ea4b550e63,Marketing
142,143,Paytm,Deputy Manager-Growth -Refer and Earn-Paytm Money,"Mumbai, Maharashtra",https://jobs.lever.co/paytm/8c9ba369-f4dc-4cba-a84c-817545abc576,Other
143,144,Paytm,Growth Operations-Paytm Money,"Mumbai, Maharashtra",https://jobs.lever.co/paytm/14b283c3-cb9b-41bb-9c0e-ddcd494a9659,Other
144,145,Paytm,Campaign Ops - Senior Associate - Recharges & Utilities,"Noida, Uttar Pradesh / Bangalore, Karnataka",https://jobs.lever.co/paytm/52aac91a-c692-4922-8946-f7844016ad12,Other
145,146,Paytm,Growth Management - Manager - Recharges & Utilities,"Noida, Uttar Pradesh",https://jobs.lever.co/paytm/dcbe2920-ad7f-4f33-8bf0-54233cbff868,Other
146,147,Paytm,Growth Analyst - Assistant Manager - Travel,"Noida, Uttar Pradesh",https://jobs.lever.co/paytm/5ade1be9-8195-4495-ab33-1b277f98cd3f,Other
147,148,Paytm,Growth Management - Manager - Travel,"Noida, Uttar Pradesh",https://jobs.lever.co/paytm/f5d6f6b4-80d4-4d38-91f1-cf92b2404439,Other
148,149,Paytm,Team Lead- Compensation & Benefit (HR),"Noida, Uttar Pradesh",https://jobs.lever.co/paytm/89c3b833-8579-4cf7-82c4-bf15697a571f,Other
149,150,Paytm,Claims Processing (Medical)_ HR Operations,"Noida, Uttar Pradesh",https://jobs.lever.co/paytm/1d5b6a61-afe9-4d86-ae3f-96eb4b09462b,Other
150,151,Paytm,Deputy Manager - HR Internal Communications,"Noida, Uttar Pradesh",https://jobs.lever.co/paytm/3a1324ff-2daa-4af9-99bc-dede997e209f,Other
151,152,Paytm,HR TA Internship,"Noida, Uttar Pradesh",https://jobs.lever.co/paytm/50632cc4-59f4-4bed-843c-9744cc88e01a,Other
152,153,Paytm,Human Resource (Talent Acquisition) - Unpaid Internship  Remote,"Noida, Uttar Pradesh",https://jobs.lever.co/paytm/7447d48e-323e-4d7f-9422-5032d683ff89,Design
153,154,Paytm,Human Resources- Full time Internship- Noida,"Noida, Uttar Pradesh",https://jobs.lever.co/paytm/16dd6f32-e8bb-4be8-9407-89789eba3e92,Other
154,155,Paytm,Lead Network Engineer,"Noida, Uttar Pradesh",https://jobs.lever.co/paytm/3bf3398c-ed99-4ebd-b8a9-966834fc5d90,Tech
155,156,Paytm,Engineering Manager- IOS,"Noida, Uttar Pradesh / Bangalore, Karnataka / Mumbai, Maharashtra",https://jobs.lever.co/paytm/2752e246-d3bf-43ee-9811-90d01f12225c,Tech
156,157,Paytm,Technical Lead- Java Backend,"Noida, Uttar Pradesh / Bangalore, Karnataka / Mumbai, Maharashtra",https://jobs.lever.co/paytm/d86270df-cf19-4f56-898f-b00fcae8b881,Tech
157,158,Paytm,Internal Audit ( IT Security)  Assistant  Manager,"Noida, Uttar Pradesh",https://jobs.lever.co/paytm/f87804a7-9686-4f59-b83b-5d9899b5602e,Other
158,159,Paytm,Data Privacy (Compliance) - Deputy Manager,"Noida, Uttar Pradesh",https://jobs.lever.co/paytm/fb072d99-86e4-4262-b366-74bc144f62ea,Tech
159,160,Paytm,Legal Contracts    - Manager,"Noida, Uttar Pradesh",https://jobs.lever.co/paytm/212bf7d4-998b-4d75-893f-79b567912dbe,Other
160,161,Paytm,Legal Contracts  ( Lending / Banking  )  - Executive Manager,"Noida, Uttar Pradesh",https://jobs.lever.co/paytm/fa066458-a3a7-4648-82f4-c8acef72c06d,Other
161,162,Paytm,Manager-Compliance,"Noida, Uttar Pradesh",https://jobs.lever.co/paytm/8d0ffd76-3fd2-489e-9f7f-c1776f69e81e,Other
162,163,Paytm,Legal Contracts ( Gaming) - Manager,"Noida, Uttar Pradesh",https://jobs.lever.co/paytm/7bd18fff-5e7f-4171-a329-ea7d5485e604,Other
163,164,Paytm,Executive  Manager-Risk Management- MTF - Paytm Money,"Mumbai, Maharashtra",https://jobs.lever.co/paytm/0d043081-7fb8-4c8f-84e6-72a8b730ba83,Other
164,165,Paytm,Information Security Manager,"Bangalore, Karnataka",https://jobs.lever.co/paytm/4b2551e1-9b0e-40de-9762-79e0456914de,Other
165,166,Paytm,Junior Manager-Regulatory compliance-Paytm Money,"Mumbai, Maharashtra",https://jobs.lever.co/paytm/56a4b86f-b9a9-4b66-88ac-c586dcbd6e4a,Other
166,167,Paytm,Manager Surveillance-Paytm Money (Broking Background Only),"Mumbai, Maharashtra",https://jobs.lever.co/paytm/74dc5ce4-d15f-4492-88ca-3ce7e92b6643,Other
167,168,Paytm,Manager Surveillance-Paytm Money (Broking Background Only),"Mumbai, Maharashtra",https://jobs.lever.co/paytm/aa71f6cf-5433-4aa9-87ea-d38ea1f52885,Other
168,169,Paytm,Digital Marketing - Campaign Strategist,"Gurugram, Haryana",https://jobs.lever.co/paytm/b0384c02-d71b-4bc6-b122-33d3ec09798f,Marketing
169,170,Paytm,Digital Marketing - Google Ads & Meta,"Gurugram, Haryana",https://jobs.lever.co/paytm/5d2e770c-e8be-4935-a2a8-727fd0562779,Marketing
170,171,Paytm,Digital Marketing - OEM Affiliate/ Media Buying,"Gurugram, Haryana",https://jobs.lever.co/paytm/ff2e8302-d984-4784-9db0-8485eded14ff,Marketing
171,172,Paytm,Junior Marketing Executive,"Noida, Uttar Pradesh / Bangalore, Karnataka",https://jobs.lever.co/paytm/fe830714-559b-4029-a413-6e77f6733b8c,Marketing
172,173,Paytm,Associate - Central Operations Logistics,"Noida, Uttar Pradesh",https://jobs.lever.co/paytm/16b5c329-f0f0-41d3-9d6f-e49578caf925,Other
173,174,Paytm,Product Management- Business Operations Manager,"Noida, Uttar Pradesh",https://jobs.lever.co/paytm/ba30157f-3c95-4ede-b4cd-81242d23b8f6,Other
174,175,Paytm,Program Manager - EDC Retail - Associate Vice President,"Noida, Uttar Pradesh",https://jobs.lever.co/paytm/5400832a-6035-475d-bdc2-31300d3ca549,Other
175,176,Paytm,Merchant Operations- Senior Associate,"Bhopal, Madhya Pradesh",https://jobs.lever.co/paytm/4198bd39-9872-4268-8a75-e9d33b6fa50c,Other
176,177,Paytm,Merchant Operations- Senior Associate,"Ahmedabad, Gujarat",https://jobs.lever.co/paytm/edaed642-8c79-4970-8c0d-8ac7193ae1cc,Other
177,178,Paytm,Merchant Operations- Team Lead,"Chennai, Tamil Nadu",https://jobs.lever.co/paytm/bc12da16-a8da-4353-b6ea-c110caa66236,Other
178,179,Paytm,Merchant Operations-Senior Associates,"Kolkata, West Bengal",https://jobs.lever.co/paytm/d12efa16-b5c1-4f15-9c29-acdd719abe87,Other
179,180,Paytm,Senior Software Engineer - backend,"Toronto, Canada",https://jobs.lever.co/paytm/bfa4d8a3-a235-4e95-8b2d-e5661a6c1b75,Tech
180,181,Paytm,Business Analyst - Assistant Manager - UPI,"Noida, Uttar Pradesh",https://jobs.lever.co/paytm/e363e1d6-60ae-4486-8bf5-3f1ca672e8be,Other
181,182,Paytm,Product Management - Product Manager - Consumer App,"Noida, Uttar Pradesh",https://jobs.lever.co/paytm/332ef78f-a4a2-4381-8868-e3eafb0533c6,Other
182,183,Paytm,Product Management - Senior Product Manager - UPI,"Noida, Uttar Pradesh / Bangalore, Karnataka",https://jobs.lever.co/paytm/f9007f64-a161-446f-81a2-db822b8b8d96,Other
183,184,Paytm,Product Management - Product Manager - CST Product,"Noida, Uttar Pradesh / Bangalore, Karnataka",https://jobs.lever.co/paytm/a549de85-bb3e-4ff4-a955-8721bbe30271,Other
184,185,Paytm,Product Management - Product Manager - CST Product (Telco),"Noida, Uttar Pradesh / Bangalore, Karnataka",https://jobs.lever.co/paytm/229d6e51-f98b-4742-90f2-71bc40801a37,Other
185,186,Paytm,Product Management - Senior Product Manager - CST Product (Oauth),"Noida, Uttar Pradesh",https://jobs.lever.co/paytm/f18144a8-9af5-4f4a-a74b-de1fd1573dcc,Other
186,187,Paytm,Product Analyst - Data Product,"Bengaluru, Karnataka",https://jobs.lever.co/paytm/bf6e5809-5a9f-476f-92d4-a8ee003935a0,Tech
187,188,Paytm,Product Management -  Senior Product Manager - Data Product (DPDP/GPDR Product Manager),"Noida, Uttar Pradesh",https://jobs.lever.co/paytm/62479777-24b4-40e9-ae3f-4f059ca9d177,Tech
188,189,Paytm,Product Analyst - Team Lead - Devices Product,"Noida, Uttar Pradesh / Bangalore, Karnataka",https://jobs.lever.co/paytm/e8bf99af-a066-4084-82c5-bfbfb3d408b6,Other
189,190,Paytm,Product Management - Product Manager - EDC,"Noida, Uttar Pradesh / Bangalore, Karnataka",https://jobs.lever.co/paytm/68e848fa-d8ca-4e22-9394-7b29792c36ed,Other
190,191,Paytm,Product Management - Senior Product Manager - EMI,"Noida, Uttar Pradesh",https://jobs.lever.co/paytm/98c298fd-a8c6-4486-976e-582b867e0845,Other
191,192,Paytm,Product Analyst - Deputy Manager - Lending,"Noida, Uttar Pradesh",https://jobs.lever.co/paytm/5cf4b087-5c14-4ec0-8c1f-a1a056a5dbe8,Other
192,193,Paytm,Product Management - Product Manager - Lending,"Noida, Uttar Pradesh / Bangalore, Karnataka",https://jobs.lever.co/paytm/eb4b91a3-044d-41ec-86e5-73225854ba07,Other
193,194,Paytm,Product Management - Product Manager,"Noida, Uttar Pradesh",https://jobs.lever.co/paytm/6ba4efb1-2137-4b06-af9a-1afaf6d65517,Other
194,195,Paytm,Business Product Manager - AGM/DGM (Devices ),"Noida, Uttar Pradesh",https://jobs.lever.co/paytm/70a406f7-0858-40dd-b444-039113d357a9,Other
195,196,Paytm,Business Product Manager - AGM/DGM (Merchant Product),"Noida, Uttar Pradesh",https://jobs.lever.co/paytm/cfa6a8c7-9371-4ff4-b735-b4335110916c,Other
196,197,Paytm,Product Management - Senior Manager - Payments(Settlement),"Noida, Uttar Pradesh / Bangalore, Karnataka",https://jobs.lever.co/paytm/4f959195-389a-46dc-b776-a3621083f95d,Other
197,198,Paytm,Product Management - Senior Product Manager - UPI Payments,"Noida, Uttar Pradesh",https://jobs.lever.co/paytm/de74335a-8502-44b3-9c80-a8f29312f6a5,Other
198,199,Paytm,Product Management - Director - Paytm Ads,"Noida, Uttar Pradesh / Bengaluru, Karnataka",https://jobs.lever.co/paytm/09661b89-dcbc-437c-bfbb-eef76f26cc60,Other
199,200,Paytm,Product Management - Senior/Group Product Manager - Paytm Ads,"Noida, Uttar Pradesh / Bengaluru, Karnataka",https://jobs.lever.co/paytm/10aa3d80-73d7-4ea3-80e3-53b8076debbf,Other
200,201,Paytm,Product Management - Associate Product Manager - First Games,"Noida, Uttar Pradesh",https://jobs.lever.co/paytm/fb612b46-24a4-468b-8f7c-6d86f5977427,Other
201,202,Paytm,Product Manager-Equity Charting-Paytm Money-Candidate from Broking preffred,"Mumbai, Maharashtra",https://jobs.lever.co/paytm/eb68e951-9c57-446b-a84e-e422495b4041,Design
202,203,Paytm,Senior Product Manager-Equity-Paytm Money ( Candidate from Broking only),"Mumbai, Maharashtra",https://jobs.lever.co/paytm/c7050a6a-a63c-4424-8282-5cd7962374f1,Design
203,204,Paytm,Product Design - Assistant Product Designer - App Team,"Noida, Uttar Pradesh",https://jobs.lever.co/paytm/83680b04-3b80-41e7-ba9b-655b3d0bf52b,Design
204,205,Paytm,Product Design- Assistant Manager,"Noida, Uttar Pradesh",https://jobs.lever.co/paytm/224f0c1d-1f6a-48ff-b64f-7af053508b83,Other
205,206,Paytm,Product Analytics - Assistant Manager- Recharges & Utilities,"Noida, Uttar Pradesh",https://jobs.lever.co/paytm/291cc196-9077-43d9-bdde-31d1b4f996cf,Other
206,207,Paytm,Product Analytics - Senior Manager- Recharges & Utilities,"Noida, Uttar Pradesh",https://jobs.lever.co/paytm/14773308-8167-4a4b-be74-c0a423c94800,Other
207,208,Paytm,Product Management -  Product Manager - Recharges & Utilities,"Noida, Uttar Pradesh",https://jobs.lever.co/paytm/4d63d674-0927-4da6-a53c-89b43e461e2d,Other
208,209,Paytm,Product Management -  Product Manager - Recharges & Utilities.,"Noida, Uttar Pradesh",https://jobs.lever.co/paytm/63ae36aa-c989-44a8-aefd-268688d2d2d4,Other
209,210,Paytm,Product Management - Senior Product Manager - Recharges & Utilities,"Noida, Uttar Pradesh",https://jobs.lever.co/paytm/02fe59cb-61ac-4883-a9ab-bc77108510ad,Other
210,211,Paytm,Product Management - Senior Product Manager - Risk Product,"Bengaluru, Karnataka",https://jobs.lever.co/paytm/4afe02ff-96b0-4cfd-b012-e24fcc37ae48,Other
211,212,Paytm,Product Management - Associate Product Manager - Telco,"Noida, Uttar Pradesh",https://jobs.lever.co/paytm/82d7d0b5-2c41-470d-9f0c-7d1646b0fe24,Other
212,213,Paytm,Indirect Procurement - ( Merchandising  Expenses)  - Deputy  Manager,"Noida, Uttar Pradesh",https://jobs.lever.co/paytm/9ddc385a-a46c-4d25-aa09-89022ada2bd0,Other
213,214,Paytm,Team Leader - Dairy - Pune,"Pune, Maharashtra",https://jobs.lever.co/paytm/4c03fa08-2069-4560-83f2-c18f9d4d3ec7,Other
214,215,Paytm,Area Sales Manager - EDC Retail Mid-Market,"Mysore, Karnataka",https://jobs.lever.co/paytm/a32a4775-1f6e-49db-82a4-a5fcf8f23e09,Marketing
215,216,Paytm,Area Sales Manager - EDC Retail Mid-Market,"Vijayawada, Andhra Pradesh",https://jobs.lever.co/paytm/c568a8aa-eb5e-4f2b-9cb3-11b1778456f3,Marketing
216,217,Paytm,ASM - Manager,"Mumbai, Maharashtra",https://jobs.lever.co/paytm/050b6b23-871c-41ac-b3df-564b2464fff0,Other
217,218,Paytm,Regional Manager - Associate Vice President,"Hubli, Karnataka",https://jobs.lever.co/paytm/33582a2a-53cd-4ce7-aab2-341602f35719,Other
218,219,Paytm,Regional Manager - General Manager,"Kochi, Kerala",https://jobs.lever.co/paytm/b5ad2652-22b8-44df-ae27-af212036dd6d,Other
219,220,Paytm,Regional Manager - General Manager,"Vijayawada, Andhra Pradesh",https://jobs.lever.co/paytm/4954cc58-60d3-4756-a9b9-29b93174efd7,Other
220,221,Paytm,Regional Manager - General Manager (Chennai),"Chennai, Tamil Nadu",https://jobs.lever.co/paytm/97684829-2aa6-4415-a5e0-86a9c04ad461,Other
221,222,Paytm,Sales - Team Lead,"Warangal, Telangana",https://jobs.lever.co/paytm/3d80959d-a91e-4a4a-bfd6-68ee5b94d7de,Marketing
222,223,Paytm,Sales - Team Lead,"Hyderabad, Telangana",https://jobs.lever.co/paytm/d57b49fe-501c-4c9c-9f21-e8119a64dae4,Marketing
223,224,Paytm,Sales - Team Lead - Coimbatore,"Coimbatore, Tamil Nadu",https://jobs.lever.co/paytm/3eaef778-6712-46ee-af30-4a63626a0088,Marketing
224,225,Paytm,Sales Team Lead,"Hyderabad, Telangana",https://jobs.lever.co/paytm/3fef472c-5208-4128-9f09-496990843df6,Marketing
225,226,Paytm,Sales Team Lead,"Tirupati, Andhra Pradesh",https://jobs.lever.co/paytm/92bdb7c8-4d3d-4dc7-ac77-1a0108694a5d,Marketing
226,227,Paytm,SM - Deputy Manager - EDC Retail Mid-Market,"Bangalore, Karnataka",https://jobs.lever.co/paytm/f1f1470c-af8c-47ee-a8f7-c7ec8c04c4cc,Other
227,228,Paytm,Sales Account Manager - Team Lead,"Bengaluru, Karnataka",https://jobs.lever.co/paytm/30f1c8e1-31c4-4b69-a34e-f29ee1d026ed,Marketing
228,229,Paytm,Sales Account Manager - Team Lead,"Hyderabad, Telangana",https://jobs.lever.co/paytm/6fd4ec35-ddbd-4d98-8c5d-68ab5f0abfa4,Marketing
229,230,Paytm,Sales Account Manager - Team Lead,"Mumbai, Maharashtra",https://jobs.lever.co/paytm/b2e4d05e-79d7-4bdc-93d2-50a558b8161e,Marketing
230,231,Paytm,Sales Account Manager - Team Lead,"Gurugram, Haryana",https://jobs.lever.co/paytm/38c3bd27-dc96-4081-9496-d32bb24f715a,Marketing
231,232,Paytm,SAM - Manager,"Mumbai, Maharashtra",https://jobs.lever.co/paytm/09701522-0a9d-4bae-b11c-f9e35b1e39ad,Other
232,233,Paytm,Area Sales Manager - Executive Manager,"Mumbai, Maharashtra",https://jobs.lever.co/paytm/b52e7454-dcd1-4c1f-8e39-bd1c5c0536dc,Marketing
233,234,Paytm,Area Sales Manager (QR Sales),"Mumbai, Maharashtra",https://jobs.lever.co/paytm/9bbb7f18-7996-4dcf-9fab-36d39f3f346b,Marketing
234,235,Paytm,Area Sales Manager-Goa (QR Sales),Goa,https://jobs.lever.co/paytm/8ebb1c87-a3f9-4554-b08b-4a6f739e5882,Marketing
235,236,Paytm,Area Service Manager - Mangalore / Bengaluru / Bagalkot.,"Mangalore, Karnataka",https://jobs.lever.co/paytm/0bae9e86-5f34-4f84-badc-66728e63489e,Other
236,237,Paytm,ASM (Retail Sales) -  Manager,"Madurai, Tamil Nadu",https://jobs.lever.co/paytm/f1a5bbef-b14f-4a34-b197-b816eac783f7,Marketing
237,238,Paytm,ASM (Retail Sales) -  Manager,"Kolkata, West Bengal",https://jobs.lever.co/paytm/bf2b4caa-8e83-4037-a3bd-109987741e7d,Marketing
238,239,Paytm,ASM (Retail Sales) -  Manager,"Ahmedabad, Gujarat",https://jobs.lever.co/paytm/5864bd7d-0fbd-4cd0-8162-d781aa93b258,Marketing
239,240,Paytm,ASM (Retail Sales) -  Manager,"Ludhiana, Punjab",https://jobs.lever.co/paytm/cabb0889-740f-4491-a98f-d8e3f02c9a15,Marketing
240,241,Paytm,ASM (Retail Sales) -  Manager (hyderabad),"Hyderabad, Telangana",https://jobs.lever.co/paytm/198b8f2f-bb6c-4cfb-9cd7-c11438a3fd0b,Marketing
241,242,Paytm,ASM (Retail Sales) -Manager,"Chennai, Tamil Nadu",https://jobs.lever.co/paytm/633b1d71-b2d7-4aeb-97db-79e86a34e37a,Marketing
242,243,Paytm,ASM (Retail Sales) -Manager,"Ghaziabad, Uttar Pradesh",https://jobs.lever.co/paytm/18a58b5b-7735-4bbc-9ac8-bc4a6857a252,Marketing
243,244,Paytm,Bengaluru - Team Lead - Sales,"Bengaluru, Karnataka",https://jobs.lever.co/paytm/7c91e12a-ca29-4b0d-8dae-37fd6a85454c,Marketing
244,245,Paytm,Bengaluru -Territory Sales Manager - Sales,"Bengaluru, Karnataka",https://jobs.lever.co/paytm/01468705-e065-4ec1-b5b1-84dcb4ba9a41,Marketing
245,246,Paytm,City Head - Hyderabad - QR sales,"Hyderabad, Telangana",https://jobs.lever.co/paytm/63a37622-5825-4505-a48c-b7a1ea4702df,Marketing
246,247,Paytm,Key Account Manager - Chennai,"Chennai, Tamil Nadu",https://jobs.lever.co/paytm/d94bacfe-de9e-4ac0-9448-8976c58d51f1,Other
247,248,Paytm,Key Account Manager - Coimbatore,"Coimbatore, Tamil Nadu",https://jobs.lever.co/paytm/b23d10dc-c162-4979-8420-c538139da8f8,Other
248,249,Paytm,Key Account Manager - Mysore / Mangalore,"Mysore, Karnataka",https://jobs.lever.co/paytm/687f1867-67cc-400f-9901-8a37b2e9a42d,Other
249,250,Paytm,Key Account Manager / Senior Key Account Manager,"Chennai, Tamil Nadu",https://jobs.lever.co/paytm/838ecdb9-97f5-4403-9a4b-0448e77a6e68,Other
250,251,Paytm,Key Account Manager / Senior Key Account Manager,"Coimbatore, Tamil Nadu",https://jobs.lever.co/paytm/19ebf0cc-382f-41d0-b55e-7c15bc174243,Other
251,252,Paytm,Micro Market Manager - Hyderabad,"Hyderabad, Telangana",https://jobs.lever.co/paytm/a904668b-0c77-4b25-9b3e-b66f907cb4b0,Other
252,253,Paytm,Micro Market Manager - Mysore,"Mysore, Karnataka",https://jobs.lever.co/paytm/eb51a8b2-1f43-42c7-b2c9-7f987363f321,Other
253,254,Paytm,Micro Market Manager - QR - Bhopal,"Bhopal, Madhya Pradesh",https://jobs.lever.co/paytm/6061b2f3-56c3-49a7-ba45-0f525a1a5aa8,Other
254,255,Paytm,Micro Market Manager - QR - Chennai,"Chennai, Tamil Nadu",https://jobs.lever.co/paytm/8d3cfa49-096a-480f-a150-391c003a35cf,Other
255,256,Paytm,Micro Market Manager - QR - GOA,Goa,https://jobs.lever.co/paytm/9e97ea15-f205-4241-81c1-cd28fae42530,Other
256,257,Paytm,Micro Market Manager - QR - Jaipur,"Jaipur, Rajasthan",https://jobs.lever.co/paytm/03f7559d-1a12-4570-b142-87b71094382e,Other
257,258,Paytm,Micro Market Manager - Tirupati,"Tirupati, Andhra Pradesh",https://jobs.lever.co/paytm/4e4ca793-3d4e-4d64-9943-075d8b43d655,Other
258,259,Paytm,MICRO MARKET MANAGER : Aurangabad (QR Sales),"Aurangabad, Maharashtra",https://jobs.lever.co/paytm/5f523114-e3e3-47ee-8438-47cf3dda2f29,Marketing
259,260,Paytm,MICRO MARKET MANAGER : Nashik (QR Sales),"Nashik, Maharashtra",https://jobs.lever.co/paytm/8ec8197f-4d20-43fc-bc92-b578b299bf76,Marketing
260,261,Paytm,Paytm - Key Account Manager - Bangalore,"Bengaluru, Karnataka",https://jobs.lever.co/paytm/9f9d08a8-19ff-4948-8624-6555253edb39,Other
261,262,Paytm,Paytm - Key Account Manager - South,"Hyderabad, Telangana",https://jobs.lever.co/paytm/cd802b71-c51d-4a09-a78a-7124799152f1,Other
262,263,Paytm,Sales - Team Lead,"Bangalore, Karnataka",https://jobs.lever.co/paytm/b0f6a7d3-b5e0-4bf2-92a7-df9a1e5c8824,Marketing
263,264,Paytm,Sales-Team Lead,"Jaipur, Rajasthan",https://jobs.lever.co/paytm/5f0adeb1-5bf5-4dd9-8e84-4993459fd615,Marketing
264,265,Paytm,Senior Associate/Team Lead/ Junior Manager - South Delhi,Delhi-NCR,https://jobs.lever.co/paytm/4a47ada9-a130-49b4-bea0-e7684608b0a5,Other
265,266,Paytm,Team Lead - Sales - Bangalore,"Bengaluru, Karnataka",https://jobs.lever.co/paytm/54c0fe14-89e4-4141-83b7-5327f3f680fb,Marketing
266,267,Paytm,Team Lead - Sales - Goa,Goa,https://jobs.lever.co/paytm/07f65ed4-d191-4e35-9783-edd97d089dbb,Marketing
267,268,Paytm,Team Lead - Sales - Hyderabad,"Hyderabad, Telangana",https://jobs.lever.co/paytm/489b3353-1d27-4751-a32c-3f1082372db1,Marketing
268,269,Paytm,Team Lead - Sales Chennai,"Chennai, Tamil Nadu",https://jobs.lever.co/paytm/10aa430c-f7c6-46b2-8b93-f60ab1e1adf6,Marketing
269,270,Paytm,Team Lead / Area Sales Manager - Hyderabad  - QR,"Hyderabad, Telangana",https://jobs.lever.co/paytm/40fe5094-4b63-496b-a023-4c769091b16e,Marketing
270,271,Paytm,Team Lead / ASM - Chennai - QR,"Chennai, Tamil Nadu",https://jobs.lever.co/paytm/281630c9-16b6-4ca4-922b-196e7f99e4e9,Other
271,272,Paytm,Team Lead in QR Vertical - Walkin Drive,Delhi-NCR,https://jobs.lever.co/paytm/8fa6a9a1-1c35-4e4c-8479-ef3d50c66c3d,Other
272,273,Paytm,Team Lead Sales - Bathinda,"Bathinda, Punjab",https://jobs.lever.co/paytm/370e7b68-c1ff-4005-917c-f186eaa309d0,Marketing
273,274,Paytm,Team Lead Sales - Kathua,"Kathua, Jammu & Kashmir",https://jobs.lever.co/paytm/9a75dcc0-6808-4e57-9e36-117a6587a05f,Marketing
274,275,Paytm,Team Lead Sales - Ramnagar,"Ramnagar, Uttarakhand",https://jobs.lever.co/paytm/3a90c248-0813-4626-b7e5-36b2c8103059,Marketing
275,276,Paytm,Team Lead Sales - Srinagar,"Srinagar, Jammu & Kashmir",https://jobs.lever.co/paytm/3df42512-f834-4e4b-b66c-a71238216c28,Marketing
276,277,Paytm,Team Lead Sales- Jalandhar,"Jalandhar, Punjab",https://jobs.lever.co/paytm/0672944e-5b0a-42d0-b166-665d7dc81b7b,Marketing
277,278,Paytm,Team Lead Sales- Ludhiana,"Ludhiana, Punjab",https://jobs.lever.co/paytm/3e511417-622e-4954-8938-d5a767b85ac6,Marketing
278,279,Paytm,Team Lead Sales- Shimla,"Shimla, Himachal Pradesh",https://jobs.lever.co/paytm/99b91443-6de3-4914-bbf7-c6322e684bec,Marketing
279,280,Paytm,Team Lead- sales- Dehradun,"Dehradun, Uttarakhand",https://jobs.lever.co/paytm/3344e5bd-cf5d-45a9-a030-45a9a9d35aec,Marketing
280,281,Paytm,"Team Lead, Area sales Manager & Key Account Manager- Bengaluru","Bengaluru, Karnataka",https://jobs.lever.co/paytm/f0b0736a-4fa3-4d8c-8dad-17de79a2f4b4,Marketing
281,282,Paytm,Key Account - Senior Associate,"DHARWAD, KARNATAKA",https://jobs.lever.co/paytm/606819cf-0ecd-4166-9e38-b47f4a3d4150,Other
282,283,Paytm,Key Account Manager  -Oil & Gas -  Kolar,"Kolar,Karnataka",https://jobs.lever.co/paytm/18d64c43-926c-4756-abc5-86884dcd6cfe,Other
283,284,Paytm,Key Account Manager- Oil & Gas- Bangalore (Yalhanka/Devanhalli/ E city/ Bagalkot/ HSR/ Malleswaram/Hebbal/Hoskote/ KR Puran/ Kengeri/Nagarbhavi/ Shivaji Nagar/Bannerghatta/ Sarjapura/ Banashankari),"Bangalore, Karnataka",https://jobs.lever.co/paytm/9740ad92-5219-4c4b-a73c-9a124fd24849,Other
284,285,Paytm,Key Account Manager- Oil& Gas -Bangalore,"Bangalore, Karnataka",https://jobs.lever.co/paytm/fd148428-bc2b-4499-9d4a-5c17dbbf8a01,Other
285,286,Paytm,Sales - Team Lead - Khammam,"Khammam, Telangana",https://jobs.lever.co/paytm/d1780148-8d3b-4020-a3ff-59979a1a27cc,Marketing
286,287,Paytm,"Sales Team Lead , Dairy  Warangal","Warangal, Telangana",https://jobs.lever.co/paytm/7714fb34-83e9-409c-8bc4-eda8270ba07d,Marketing
287,288,Paytm,Ads Sales - Manager - Noida,"Noida, Uttar Pradesh",https://jobs.lever.co/paytm/843ef940-4ab1-4401-9e2d-96c6f4191573,Marketing
288,289,Paytm,Advertising Sales Manager - Bengaluru,"Bangalore, Karnataka",https://jobs.lever.co/paytm/3cb83176-2e3e-4436-97b4-48842e645221,Marketing
289,290,Paytm,Advertising Sales Manager - Delhi,Delhi-NCR,https://jobs.lever.co/paytm/51aaf6fc-ddfe-4e3e-afdf-eb9f797c7cb0,Marketing
290,291,Paytm,Advertising Sales Manager - Mumbai,"Mumbai, Maharashtra",https://jobs.lever.co/paytm/db85e954-b21d-4d57-95eb-fad9ea6e49c5,Marketing
291,292,Paytm,"AVP, Ad Sales","Bangalore, Karnataka / Noida, Uttar Pradesh",https://jobs.lever.co/paytm/b4ee870a-50fa-4b84-9bee-6fe1ae1da2de,Marketing
292,293,Paytm,Government Ad Sales - Kolkata/Chennai,"Kolkata, West Bengal / Chennai, Tamil Nadu",https://jobs.lever.co/paytm/015e9238-8aeb-49a6-9090-f99d2ed9bb9d,Marketing
293,294,Paytm,Government Ad Sales (Non Metro) - Pune/Chennai/Kolkata,"Pune, Maharashtra / Chennai, Tamil Nadu / Kolkata, West Bengal",https://jobs.lever.co/paytm/4aa8667f-2b04-4a97-9949-d03d60e9dbff,Marketing
294,295,Paytm,KAM - Bangalore,"Bangalore, Karnataka",https://jobs.lever.co/paytm/0768c97d-abeb-4980-9259-17fb77107cd4,Other
295,296,Paytm,KAM - Delhi/Noida,"Noida, Uttar Pradesh",https://jobs.lever.co/paytm/e6a50bab-7db5-48cb-8c0f-39ee58758ae8,Other
296,297,Paytm,KAM - Mumbai,"Mumbai, Maharashtra",https://jobs.lever.co/paytm/3d4c58db-1871-4f96-9b9e-da2406dc2bd5,Other
297,298,Paytm,"Engineering manager -  (C++, Embedded C)","Noida, Uttar Pradesh",https://jobs.lever.co/paytm/b367d6a0-32e7-4fce-8ec9-96c57f2e1b9d,Tech
298,299,Paytm,Data Centre Engineer,"Gurugram, Haryana",https://jobs.lever.co/paytm/7ea42bf0-beee-416f-b618-1c716965ddee,Tech
299,300,Paytm,DevOps - Lead DevOps,"Noida, Uttar Pradesh",https://jobs.lever.co/paytm/da6df42a-0916-41ac-af83-548ca98b5582,Other
300,301,Paytm,Devops - Senior DevOps Engineer,"Noida, Uttar Pradesh",https://jobs.lever.co/paytm/5632667f-28fb-42fe-8bce-4aa582501c49,Tech
301,302,Paytm,MYSQL - Senior Lead DBA,"Noida, Uttar Pradesh",https://jobs.lever.co/paytm/51b8894c-a048-432c-a301-b0f19b3562a7,Other
302,303,Paytm,Data DevOps - Senior DevOps Engineer,"Noida, Uttar Pradesh",https://jobs.lever.co/paytm/518cc9cc-62fe-470c-90fd-e36df17ed7ec,Tech
303,304,Paytm,Data Engineering - Data Engineer,"Noida, Uttar Pradesh",https://jobs.lever.co/paytm/83121cb1-1ab8-4f96-aaf9-8415d1233e03,Tech
304,305,Paytm,DevOps - Senior DevOps Engineer,"Noida, Uttar Pradesh",https://jobs.lever.co/paytm/2e3e2fd1-7bd1-4bf6-a903-f0aef90c2fc0,Tech
305,306,Paytm,DevOps (Data DevOps) - Lead DevOps Engineer,"Noida, Uttar Pradesh",https://jobs.lever.co/paytm/0df048a1-73c8-451b-b6fa-903657924228,Tech
306,307,Paytm,DevOps Automation - Senior DevOps Engineer,"Noida, Uttar Pradesh",https://jobs.lever.co/paytm/089b1734-b000-4350-8801-8e43498eef68,Tech
307,308,Paytm,AVP - Information Security (SOC Lead),"Noida, Uttar Pradesh",https://jobs.lever.co/paytm/f22c34f7-4c19-4336-9da3-690eb50cada0,Other
308,309,Paytm,SOC Analyst - Senior Security Engineer,"Noida, Uttar Pradesh",https://jobs.lever.co/paytm/edfa8d31-8c7b-4eec-a4fa-78f6634cc634,Tech
309,310,Paytm,Technical Program Manager,"Noida, Uttar Pradesh",https://jobs.lever.co/paytm/aa8196ca-a12f-4716-80a3-7ed7b5ff8fea,Tech
310,311,Paytm,Backend - Technical Lead,"Noida, Uttar Pradesh",https://jobs.lever.co/paytm/88c0d80e-7860-48a8-94f1-43f5f75f9a2d,Tech
311,312,Paytm,Backend - Sr. Software Engineer,"Noida, Uttar Pradesh",https://jobs.lever.co/paytm/29e0823c-66fb-47bd-b620-9820cb732aa7,Tech
312,313,Paytm,Backend - Technical Lead ( Java ),"Noida, Uttar Pradesh",https://jobs.lever.co/paytm/03c342a8-a9cd-43b1-92a9-d6408a4c5275,Tech
313,314,Paytm,Backend - Software Engineer/Sr. Software Engineer,"Noida, Uttar Pradesh",https://jobs.lever.co/paytm/ff2c30e7-16a1-4253-a650-7356f49635e2,Tech
314,315,Paytm,Backend - Technical Lead,"Noida, Uttar Pradesh",https://jobs.lever.co/paytm/3f5a9cfc-d677-4b14-9b89-9f28d50a22b9,Tech
315,316,Paytm,Android - Senior Software Engineer,"Noida, Uttar Pradesh",https://jobs.lever.co/paytm/2aae77dd-66d8-47f1-a424-80781f549636,Tech
316,317,Paytm,Backend - Technical Lead,"Noida, Uttar Pradesh",https://jobs.lever.co/paytm/4f4fb2a8-d9aa-45f1-9a2a-cfc56190b808,Tech
317,318,Paytm,Frontend - Senior Software Engineer,"Noida, Uttar Pradesh",https://jobs.lever.co/paytm/65b0c3b5-abab-47b4-bc53-2e05e1a6d33c,Tech
318,319,Paytm,IOS Developer - Software Engineer,"Noida, Uttar Pradesh",https://jobs.lever.co/paytm/27a537db-d1fb-415f-9f97-f57ff80196e2,Tech
319,320,Paytm,Senior QA Engineer - Mobile Apps/SDET,"Noida, Uttar Pradesh",https://jobs.lever.co/paytm/c3b0b23b-7e6c-4d93-95de-c6c20fadf212,Tech
320,321,Paytm,DevOps Engineer/Senior DevOps-Paytm Money,"Bangalore, Karnataka / Noida, Uttar Pradesh",https://jobs.lever.co/paytm/483884b5-23c9-470e-8230-7dc0ad074fa3,Tech
321,322,Paytm,MySQL DBA-Paytm Money-Paytm Money,"Bangalore, Karnataka / Noida, Uttar Pradesh",https://jobs.lever.co/paytm/6d9759c9-3149-47ee-9c31-b6c315b87d48,Other
322,323,Paytm,Senior Engineer-QA Automation-Paytm Money,"Noida, Uttar Pradesh / Bangalore, Karnataka",https://jobs.lever.co/paytm/c01a78e2-02f3-4c5a-b2c3-f52b78c5bf25,Tech
323,324,Paytm,Senior Software Engineer - Android-PML,"Noida, Uttar Pradesh / Bangalore, Karnataka",https://jobs.lever.co/paytm/c972c99a-1cca-4ac0-a9d7-5b38c81713ef,Tech
324,325,Paytm,DevOps - Senior DevOps Engineer,"Bengaluru, Karnataka",https://jobs.lever.co/paytm/4d37f28a-986d-4821-b4ab-322c10acd855,Tech
325,326,Paytm,DevOps- Principal Engineer,"Bangalore, Karnataka",https://jobs.lever.co/paytm/322335a3-2692-4196-8f88-8de66a65ad62,Tech
326,327,Paytm,QA Automation- QA Engineer,"Noida, Uttar Pradesh / Bengaluru, Karnataka",https://jobs.lever.co/paytm/c320f954-62f7-4697-8528-bfee0e8ebce4,Tech
327,328,orient technologies,Team Leader - Business Development (BFSI Sales),Mumbai,https://www.orientindia.in/all-openings,Marketing
328,329,orient technologies,Sales Champion - IT Services Sales,Delhi,https://www.orientindia.in/all-openings,Marketing
329,330,orient technologies,Team Leader - Business Development for Pharma Sales,Mumbai,https://www.orientindia.in/all-openings,Marketing
330,331,orient technologies,Data Center - IT Sales,Bangalore,https://www.orientindia.in/all-openings,Tech
331,332,orient technologies,Team Leader - Business Development for SMB Sales,Mumbai,https://www.orientindia.in/all-openings,Marketing
332,333,orient technologies,Data Center - IT Sales,Chennai,https://www.orientindia.in/all-openings,Tech
333,334,orient technologies,Business Development Manager - Govt & PSU Sales,Mumbai,https://www.orientindia.in/all-openings,Marketing
334,335,orient technologies,Data Center - IT Sales,Chennai,https://www.orientindia.in/all-openings,Tech
335,336,orient technologies,Business Development Manager - BFSI Sales,Mumbai,https://www.orientindia.in/all-openings,Marketing
336,337,orient technologies,Data Center - IT Sales,Chennai,https://www.orientindia.in/all-openings,Tech
337,338,orient technologies,Business Development Manager - SMB Sales,Mumbai,https://www.orientindia.in/all-openings,Marketing
338,339,orient technologies,Sr Cloud Engineer - Linux,Mumbai,https://www.orientindia.in/all-openings,Tech
339,340,orient technologies,Business Development Manager - Cloud Sales,Mumbai,https://www.orientindia.in/all-openings,Marketing
340,341,orient technologies,Cloud Engineer + Windows L2,Mumbai,https://www.orientindia.in/all-openings,Tech
341,342,orient technologies,Business Development Manager for IT Enabled Services Sales,Mumbai,https://www.orientindia.in/all-openings,Marketing
342,343,orient technologies,Cloud Operation Lead,Mumbai,https://www.orientindia.in/all-openings,Other
343,344,orient technologies,Jr. Business Development - BFSI Sales,Mumbai,https://www.orientindia.in/all-openings,Marketing
344,345,orient technologies,Virtualization Engineer/ Operations,Mumbai,https://www.orientindia.in/all-openings,Tech
345,346,orient technologies,Jr. Business Development Executive - SMB Sales,Mumbai,https://www.orientindia.in/all-openings,Marketing
346,347,orient technologies,Network Security Engineer - End Point Security,Mumbai,https://www.orientindia.in/all-openings,Tech
347,348,orient technologies,Jr. Business Development - Govt & PSU Sales,Mumbai,https://www.orientindia.in/all-openings,Marketing
348,349,orient technologies,Project Manager (Infra),Mumbai,https://www.orientindia.in/all-openings,Other
349,350,orient technologies,Sales Champion for Orient Services Sales,Delhi / Chennai / Bangalore,https://www.orientindia.in/all-openings,Marketing
350,351,orient technologies,Data Center - IT Sales,Ahemdabad,https://www.orientindia.in/all-openings,Tech
351,352,orient technologies,Sales Champion for Hyperconverged Infrastructure,Mumbai / Pune / Chennai / Bangalore / Delhi,https://www.orientindia.in/all-openings,Marketing
352,353,orient technologies,SOC Manager,Mumbai,https://www.orientindia.in/all-openings,Other
353,354,orient technologies,Sales Champion for End-User Computing,Pune / Delhi / Chennai,https://www.orientindia.in/all-openings,Marketing
354,355,Livspace,Business Manager - Sales (RES07005),Kolkata,https://livspace.sensehq.com/careers/jobs?page=0&pageSize=50&department=&location=&title=&sortBy=&orderBy=ASC&minExp=0&maxExp=100&jobType=&workplaceType=,Marketing
355,356,Livspace,Business Manager - Design (RES06993),Vizag,https://livspace.sensehq.com/careers/jobs?page=0&pageSize=50&department=&location=&title=&sortBy=&orderBy=ASC&minExp=0&maxExp=100&jobType=&workplaceType=,Other
356,357,Livspace,Business Manager - Sales (RES06991),Vizag,https://livspace.sensehq.com/careers/jobs?page=0&pageSize=50&department=&location=&title=&sortBy=&orderBy=ASC&minExp=0&maxExp=100&jobType=&workplaceType=,Marketing
357,358,Livspace,Validation Lead (RES06988),Vijayawada,https://livspace.sensehq.com/careers/jobs?page=0&pageSize=50&department=&location=&title=&sortBy=&orderBy=ASC&minExp=0&maxExp=100&jobType=&workplaceType=,Other
358,359,Livspace,Business Manager - Design (RES06982),Chandigarh,https://livspace.sensehq.com/careers/jobs?page=0&pageSize=50&department=&location=&title=&sortBy=&orderBy=ASC&minExp=0&maxExp=100&jobType=&workplaceType=,Other
359,360,Livspace,Design Lead (RES06980),Chandigarh,https://livspace.sensehq.com/careers/jobs?page=0&pageSize=50&department=&location=&title=&sortBy=&orderBy=ASC&minExp=0&maxExp=100&jobType=&workplaceType=,Other
360,361,Livspace,Interior Designer (RES06968),Hyderabad,https://livspace.sensehq.com/careers/jobs?page=0&pageSize=50&department=&location=&title=&sortBy=&orderBy=ASC&minExp=0&maxExp=100&jobType=&workplaceType=,Design
361,362,Livspace,Junior Interior Designer (RES06967),Gandhinagar,https://livspace.sensehq.com/careers/jobs?page=0&pageSize=50&department=&location=&title=&sortBy=&orderBy=ASC&minExp=0&maxExp=100&jobType=&workplaceType=,Design
362,363,Livspace,Design Lead (RES06966),Gandhinagar,https://livspace.sensehq.com/careers/jobs?page=0&pageSize=50&department=&location=&title=&sortBy=&orderBy=ASC&minExp=0&maxExp=100&jobType=&workplaceType=,Other
363,364,Livspace,Operations Lead (RES06965),Guwahati,https://livspace.sensehq.com/careers/jobs?page=0&pageSize=50&department=&location=&title=&sortBy=&orderBy=ASC&minExp=0&maxExp=100&jobType=&workplaceType=,Other
364,365,Livspace,Business Manager- Design (RES06964),Ahmedabad,https://livspace.sensehq.com/careers/jobs?page=0&pageSize=50&department=&location=&title=&sortBy=&orderBy=ASC&minExp=0&maxExp=100&jobType=&workplaceType=,Other
365,366,Livspace,Interior  Designer (Consultant) (RES06955),Gurgaon,https://livspace.sensehq.com/careers/jobs?page=0&pageSize=50&department=&location=&title=&sortBy=&orderBy=ASC&minExp=0&maxExp=100&jobType=&workplaceType=,Design
366,367,Livspace,Business Manager - Design & Ops (RES06953),Vizag,https://livspace.sensehq.com/careers/jobs?page=0&pageSize=50&department=&location=&title=&sortBy=&orderBy=ASC&minExp=0&maxExp=100&jobType=&workplaceType=,Other
367,368,Livspace,Business Manager - Sales (RES06948),Lucknow,https://livspace.sensehq.com/careers/jobs?page=0&pageSize=50&department=&location=&title=&sortBy=&orderBy=ASC&minExp=0&maxExp=100&jobType=&workplaceType=,Marketing
368,369,Livspace,Business Manager - Sales (RES06947),Jaipur,https://livspace.sensehq.com/careers/jobs?page=0&pageSize=50&department=&location=&title=&sortBy=&orderBy=ASC&minExp=0&maxExp=100&jobType=&workplaceType=,Marketing
369,370,Livspace,Design Lead (RES06946),Noida,https://livspace.sensehq.com/careers/jobs?page=0&pageSize=50&department=&location=&title=&sortBy=&orderBy=ASC&minExp=0&maxExp=100&jobType=&workplaceType=,Other
370,371,Livspace,Operations Lead (RES06939),Vizag,https://livspace.sensehq.com/careers/jobs?page=0&pageSize=50&department=&location=&title=&sortBy=&orderBy=ASC&minExp=0&maxExp=100&jobType=&workplaceType=,Other
371,372,Livspace,Design Lead (RES06937),Surat,https://livspace.sensehq.com/careers/jobs?page=0&pageSize=50&department=&location=&title=&sortBy=&orderBy=ASC&minExp=0&maxExp=100&jobType=&workplaceType=,Other
372,373,Livspace,Design Lead (RES06936),Vadodara,https://livspace.sensehq.com/careers/jobs?page=0&pageSize=50&department=&location=&title=&sortBy=&orderBy=ASC&minExp=0&maxExp=100&jobType=&workplaceType=,Other
373,374,Livspace,Interior Designer (RES06926),Bhubaneswar,https://livspace.sensehq.com/careers/jobs?page=0&pageSize=50&department=&location=&title=&sortBy=&orderBy=ASC&minExp=0&maxExp=100&jobType=&workplaceType=,Design
374,375,Livspace,SDE I [Front-end Developer] (COR06924),Bengaluru,https://livspace.sensehq.com/careers/jobs?page=0&pageSize=50&department=&location=&title=&sortBy=&orderBy=ASC&minExp=0&maxExp=100&jobType=&workplaceType=,Tech
375,376,Livspace,Business Manager - Design & Ops (RES06922),"Surat, Vadodara, Rajkot",https://livspace.sensehq.com/careers/jobs?page=0&pageSize=50&department=&location=&title=&sortBy=&orderBy=ASC&minExp=0&maxExp=100&jobType=&workplaceType=,Other
376,377,Livspace,SDE I [Back-end Developer] (COR06919),Bengaluru,https://livspace.sensehq.com/careers/jobs?page=0&pageSize=50&department=&location=&title=&sortBy=&orderBy=ASC&minExp=0&maxExp=100&jobType=&workplaceType=,Tech
377,378,Livspace,SDE II [Back-end Developer] (COR06918),Bengaluru,https://livspace.sensehq.com/careers/jobs?page=0&pageSize=50&department=&location=&title=&sortBy=&orderBy=ASC&minExp=0&maxExp=100&jobType=&workplaceType=,Tech
378,379,Livspace,Principal Engineer (COR06916),Bengaluru,https://livspace.sensehq.com/careers/jobs?page=0&pageSize=50&department=&location=&title=&sortBy=&orderBy=ASC&minExp=0&maxExp=100&jobType=&workplaceType=,Tech
379,380,Livspace,Interior Designer ( Consultant ) (RES06914),Surat,https://livspace.sensehq.com/careers/jobs?page=0&pageSize=50&department=&location=&title=&sortBy=&orderBy=ASC&minExp=0&maxExp=100&jobType=&workplaceType=,Design
380,381,Livspace,Interior Designer (RES06911),Guwahati,https://livspace.sensehq.com/careers/jobs?page=0&pageSize=50&department=&location=&title=&sortBy=&orderBy=ASC&minExp=0&maxExp=100&jobType=&workplaceType=,Design
381,382,Livspace,Interior Designer (RES06910),Patna,https://livspace.sensehq.com/careers/jobs?page=0&pageSize=50&department=&location=&title=&sortBy=&orderBy=ASC&minExp=0&maxExp=100&jobType=&workplaceType=,Design
382,383,Livspace,Referral Business Lead (RES06909),Hyderabad,https://livspace.sensehq.com/careers/jobs?page=0&pageSize=50&department=&location=&title=&sortBy=&orderBy=ASC&minExp=0&maxExp=100&jobType=&workplaceType=,Other
383,384,Livspace,Design Lead (RES06902),Gurgaon,https://livspace.sensehq.com/careers/jobs?page=0&pageSize=50&department=&location=&title=&sortBy=&orderBy=ASC&minExp=0&maxExp=100&jobType=&workplaceType=,Other
384,385,Livspace,Interior Designer (RES06896),Ranchi,https://livspace.sensehq.com/careers/jobs?page=0&pageSize=50&department=&location=&title=&sortBy=&orderBy=ASC&minExp=0&maxExp=100&jobType=&workplaceType=,Design
385,386,Livspace,Interior Designer (RES06888),Ahmedabad,https://livspace.sensehq.com/careers/jobs?page=0&pageSize=50&department=&location=&title=&sortBy=&orderBy=ASC&minExp=0&maxExp=100&jobType=&workplaceType=,Design
386,387,Livspace,Operations Lead (RES06883),Surat,https://livspace.sensehq.com/careers/jobs?page=0&pageSize=50&department=&location=&title=&sortBy=&orderBy=ASC&minExp=0&maxExp=100&jobType=&workplaceType=,Other
387,388,Livspace,Regional Head - Channel Sales (RES06880),Delhi,https://livspace.sensehq.com/careers/jobs?page=0&pageSize=50&department=&location=&title=&sortBy=&orderBy=ASC&minExp=0&maxExp=100&jobType=&workplaceType=,Marketing
388,389,Livspace,Project Executive (RES06871),Tumkur,https://livspace.sensehq.com/careers/jobs?page=0&pageSize=50&department=&location=&title=&sortBy=&orderBy=ASC&minExp=0&maxExp=100&jobType=&workplaceType=,Other
389,390,Livspace,Category Marketing Manager - Services & Store (RES06870),Mumbai,https://livspace.sensehq.com/careers/jobs?page=0&pageSize=50&department=&location=&title=&sortBy=&orderBy=ASC&minExp=0&maxExp=100&jobType=&workplaceType=,Marketing
390,391,Livspace,Category Marketing Manager - Services & Store (RES06866),Ahmedabad,https://livspace.sensehq.com/careers/jobs?page=0&pageSize=50&department=&location=&title=&sortBy=&orderBy=ASC&minExp=0&maxExp=100&jobType=&workplaceType=,Marketing
391,392,Livspace,Interior Designer (RES06863),Trivandrum,https://livspace.sensehq.com/careers/jobs?page=0&pageSize=50&department=&location=&title=&sortBy=&orderBy=ASC&minExp=0&maxExp=100&jobType=&workplaceType=,Design
392,393,Livspace,Design Lead (RES06853),Delhi,https://livspace.sensehq.com/careers/jobs?page=0&pageSize=50&department=&location=&title=&sortBy=&orderBy=ASC&minExp=0&maxExp=100&jobType=&workplaceType=,Other
393,394,Livspace,Quality Support Executive (COR06848),Bengaluru,https://livspace.sensehq.com/careers/jobs?page=0&pageSize=50&department=&location=&title=&sortBy=&orderBy=ASC&minExp=0&maxExp=100&jobType=&workplaceType=,Other
394,395,Livspace,Customer Support Executive (RES06844),Bengaluru,https://livspace.sensehq.com/careers/jobs?page=0&pageSize=50&department=&location=&title=&sortBy=&orderBy=ASC&minExp=0&maxExp=100&jobType=&workplaceType=,Other
395,396,Livspace,Associate General Manager - Sales (RES06836),Noida,https://livspace.sensehq.com/careers/jobs?page=0&pageSize=50&department=&location=&title=&sortBy=&orderBy=ASC&minExp=0&maxExp=100&jobType=&workplaceType=,Marketing
396,397,Livspace,Interior Designer  (RES06820),Noida,https://livspace.sensehq.com/careers/jobs?page=0&pageSize=50&department=&location=&title=&sortBy=&orderBy=ASC&minExp=0&maxExp=100&jobType=&workplaceType=,Design
397,398,Livspace,Interior Designer  (RES06818),Noida,https://livspace.sensehq.com/careers/jobs?page=0&pageSize=50&department=&location=&title=&sortBy=&orderBy=ASC&minExp=0&maxExp=100&jobType=&workplaceType=,Design
398,399,Livspace,Studio Principal  (RES06817),Kolkata,https://livspace.sensehq.com/careers/jobs?page=0&pageSize=50&department=&location=&title=&sortBy=&orderBy=ASC&minExp=0&maxExp=100&jobType=&workplaceType=,Other
399,400,Livspace,Interior Designer (COR06805),Singapore,https://livspace.sensehq.com/careers/jobs?page=0&pageSize=50&department=&location=&title=&sortBy=&orderBy=ASC&minExp=0&maxExp=100&jobType=&workplaceType=,Design
400,401,Livspace,Area Sales Executive (RES06803),Ahmedabad,https://livspace.sensehq.com/careers/jobs?page=0&pageSize=50&department=&location=&title=&sortBy=&orderBy=ASC&minExp=0&maxExp=100&jobType=&workplaceType=,Marketing
401,402,Livspace,Referral Business Lead (RES06795),Pune,https://livspace.sensehq.com/careers/jobs?page=0&pageSize=50&department=&location=&title=&sortBy=&orderBy=ASC&minExp=0&maxExp=100&jobType=&workplaceType=,Other
402,403,Livspace,Pre Sales Associate (RES06786),Bengaluru,https://livspace.sensehq.com/careers/jobs?page=0&pageSize=50&department=&location=&title=&sortBy=&orderBy=ASC&minExp=0&maxExp=100&jobType=&workplaceType=,Marketing
403,404,Livspace,Lead - Referral Channel (RES06783),Ahmedabad,https://livspace.sensehq.com/careers/jobs?page=0&pageSize=50&department=&location=&title=&sortBy=&orderBy=ASC&minExp=0&maxExp=100&jobType=&workplaceType=,Other
404,405,Cred,iOS intern,frontend engineering,https://careers.cred.club/openings,Other
405,406,Cred,partnerships management - CRED Store,store,https://careers.cred.club/openings,Other
406,407,Cred,VKYC ops,operations,https://careers.cred.club/openings,Other
407,408,Cred,backend developer,backend engineering,https://careers.cred.club/openings,Tech
408,409,Cred,site reliability engineer,infrastructure,https://careers.cred.club/openings,Tech
409,410,Cred,partnership consultant - commerce,store,https://careers.cred.club/openings,Other
